data,hora,local,temperatura,humidade,intensidadeVento,precAcumulada,descDirVento,radiacao,fmc,fmc_teorico_pratico,ffmc_12h,dmc_12h,dc_12h,ffmc_teorico_12h,fmc_teorico_12h,isi_teorico_12h,bui_12h,s_teorico_12h,dsr_teorico_12h,fwi_teorico_12h,ffmc_pratico,isi_pratico,s_pratico,dsr_pratico,fwi_pratico,gap_detectado,dias_gap,hora_dados_12h
2025-09-07,4,Oleiros,16.7,83.0,0.9,0.0,N,0.0,27.5,24.88,76.54,6.0,19.84,,,,,,,,75.78,0.84,0.45,0.01,0.45,False,0,12
2025-09-07,5,Oleiros,15.8,91.0,1.1,2.2,E,2.8,45.92,26.28,76.54,6.0,19.84,,,,,,,,62.88,0.51,0.24,0.0,0.24,False,0,12
2025-09-07,6,Oleiros,15.3,97.0,0.8,0.1,E,0.0,48.89,27.38,76.54,6.0,19.84,,,,,,,,61.02,0.45,0.24,0.0,0.24,False,0,12
2025-09-07,7,Oleiros,15.6,98.0,1.6,0.3,E,26.3,45.82,28.03,76.54,6.0,19.84,,,,,,,,62.94,0.52,0.27,0.0,0.27,False,0,12
2025-09-07,8,Oleiros,16.0,99.0,0.8,0.5,NE,111.8,42.62,28.65,76.54,6.0,19.84,,,,,,,,65.0,0.55,0.28,0.0,0.28,False,0,12
2025-09-07,9,Oleiros,16.3,99.0,1.3,1.3,NE,258.4,51.75,28.66,76.54,6.0,19.84,,,,,,,,59.29,0.42,0.22,0.0,0.22,False,0,12
2025-09-07,10,Oleiros,16.5,99.0,0.8,0.6,NE,271.2,45.21,28.61,76.54,6.0,19.84,,,,,,,,63.33,0.51,0.26,0.0,0.26,False,0,12
2025-09-07,11,Oleiros,16.8,100.0,0.8,0.5,NE,541.3,44.05,29.35,76.54,6.0,19.84,,,,,,,,64.07,0.53,0.27,0.0,0.27,False,0,12
2025-09-07,12,Oleiros,17.4,100.0,1.4,0.3,SE,641.5,44.91,29.36,76.54,6.0,19.84,76.54,26.53,0.9,6.83,0.45,0.01,0.45,63.52,0.53,0.28,0.0,0.28,False,0,12
2025-09-07,13,Oleiros,18.0,100.0,0.9,0.1,E,959.7,39.98,29.27,76.54,6.0,19.84,,,,,,,,66.76,0.59,0.31,0.0,0.31,False,0,12
2025-09-07,14,Oleiros,18.5,98.0,1.0,0.0,S,776.4,35.23,27.71,76.54,6.0,19.84,,,,,,,,70.05,0.66,0.34,0.0,0.34,False,0,12
2025-09-07,15,Oleiros,19.2,94.0,1.3,0.0,S,1028.3,31.0,26.47,76.54,6.0,19.84,,,,,,,,73.12,0.75,0.39,0.01,0.39,False,0,12
2025-09-07,16,Oleiros,20.5,86.0,0.1,0.0,E,1348.9,26.15,25.32,76.54,6.0,19.84,,,,,,,,76.83,0.86,0.46,0.01,0.46,False,0,12
2025-09-07,17,Oleiros,21.4,79.0,0.9,0.0,SW,1004.2,23.07,23.48,76.54,6.0,19.84,,,,,,,,79.3,1.11,0.6,0.01,0.6,False,0,12
2025-09-07,18,Oleiros,21.7,79.0,0.9,0.0,SW,665.3,22.16,23.43,76.54,6.0,19.84,,,,,,,,80.05,1.2,0.65,0.01,0.65,False,0,12
2025-09-07,19,Oleiros,20.4,85.0,1.9,0.0,W,54.8,22.58,24.68,76.54,6.0,19.84,,,,,,,,79.7,1.21,0.65,0.01,0.65,False,0,12
2025-09-07,20,Oleiros,19.4,82.0,2.2,0.0,NW,0.0,22.92,24.11,76.54,6.0,19.84,,,,,,,,79.42,1.2,0.64,0.01,0.64,False,0,12
2025-09-07,21,Oleiros,18.3,84.0,2.4,0.0,NW,0.0,23.07,24.65,76.54,6.0,19.84,,,,,,,,79.3,1.2,0.64,0.01,0.64,False,0,12
2025-09-07,22,Oleiros,17.4,87.0,2.3,0.0,NW,0.0,23.05,25.39,76.54,6.0,19.84,,,,,,,,79.32,1.19,0.63,0.01,0.63,False,0,12
2025-09-07,23,Oleiros,16.9,85.0,1.4,0.0,W,0.0,23.46,25.14,76.54,6.0,19.84,,,,,,,,78.98,1.1,0.58,0.01,0.58,False,0,12
2025-10-21,0,Oleiros,16.6,100.0,3.3,0.3,SW,4.5,49.34,29.26,77.41,6.06,19.14,,,,,,,,60.75,0.51,0.26,0.0,0.26,True,44,12
2025-10-21,1,Oleiros,16.9,100.0,3.6,0.4,SW,0.1,51.44,29.26,77.41,6.06,19.14,,,,,,,,59.48,0.47,0.24,0.0,0.24,True,44,12
2025-10-21,2,Oleiros,16.9,100.0,4.9,0.2,SW,0.0,51.97,29.33,77.41,6.06,19.14,,,,,,,,59.16,0.5,0.25,0.0,0.25,True,44,12
2025-10-21,3,Oleiros,17.1,100.0,4.0,1.3,SW,0.5,52.42,29.27,77.41,6.06,19.14,,,,,,,,58.89,0.47,0.24,0.0,0.24,True,44,12
2025-10-21,5,Oleiros,17.7,100.0,4.0,0.5,SW,0.2,53.26,29.22,77.41,6.06,19.14,,,,,,,,58.4,0.45,0.23,0.0,0.23,True,44,12
2025-10-21,6,Oleiros,17.8,100.0,2.9,0.9,W,0.5,54.26,29.15,77.41,6.06,19.14,,,,,,,,57.81,0.41,0.21,0.0,0.21,True,44,12
2025-10-21,7,Oleiros,17.9,100.0,3.3,0.3,W,6.9,53.85,29.17,77.41,6.06,19.14,,,,,,,,58.05,0.42,0.22,0.0,0.22,True,44,12
2025-10-21,8,Oleiros,18.1,100.0,3.7,0.3,W,243.2,53.92,29.18,77.41,6.06,19.14,,,,,,,,58.01,0.43,0.22,0.0,0.22,True,44,12
2025-10-21,9,Oleiros,18.3,100.0,3.5,0.0,W,406.2,54.17,29.15,77.41,6.06,19.14,,,,,,,,57.86,0.42,0.22,0.0,0.22,True,44,12
2025-10-21,10,Oleiros,18.3,100.0,3.4,0.2,W,448.7,53.73,29.14,77.41,6.06,19.14,,,,,,,,58.12,0.43,0.22,0.0,0.22,True,44,12
2025-10-21,11,Oleiros,18.6,100.0,3.6,0.3,W,651.5,53.88,29.13,77.41,6.06,19.14,,,,,,,,58.03,0.43,0.22,0.0,0.22,True,44,12
2025-10-21,12,Oleiros,19.1,98.0,3.6,0.0,W,733.3,54.6,27.45,77.41,6.06,19.14,77.41,25.41,1.08,6.77,0.53,0.01,0.53,57.61,0.42,0.21,0.0,0.21,True,44,12
2025-10-21,13,Oleiros,19.6,95.0,4.8,0.0,W,1003.8,46.95,25.39,77.41,6.06,19.14,,,,,,,,62.23,0.59,0.31,0.0,0.31,True,44,12
2025-10-21,14,Oleiros,20.2,90.0,3.8,0.0,W,819.8,42.08,24.97,77.41,6.06,19.14,,,,,,,,65.36,0.65,0.34,0.0,0.34,True,44,12
2025-10-21,15,Oleiros,20.2,88.0,5.0,0.0,W,759.9,38.66,24.48,77.41,6.06,19.14,,,,,,,,67.66,0.75,0.39,0.01,0.39,True,44,12
2025-10-21,16,Oleiros,20.8,84.0,4.4,0.0,W,912.2,35.31,23.5,77.41,6.06,19.14,,,,,,,,69.99,0.78,0.41,0.01,0.41,True,44,12
2025-10-21,17,Oleiros,20.4,84.0,5.4,0.0,W,634.4,34.14,23.48,77.41,6.06,19.14,,,,,,,,70.83,0.84,0.45,0.01,0.45,True,44,12
2025-10-21,18,Oleiros,19.3,88.0,4.6,0.0,W,87.4,32.49,24.58,77.41,6.06,19.14,,,,,,,,72.02,0.84,0.44,0.01,0.44,True,44,12
2025-10-21,19,Oleiros,18.4,92.0,3.5,0.0,W,0.0,35.66,25.36,77.41,6.06,19.14,,,,,,,,69.74,0.74,0.38,0.01,0.38,True,44,12
2025-10-21,20,Oleiros,18.0,96.0,3.5,0.5,W,2.4,33.93,26.21,77.41,6.06,19.14,,,,,,,,70.98,0.77,0.4,0.01,0.4,True,44,12
2025-10-21,21,Oleiros,17.7,99.0,3.5,0.1,W,4.8,41.13,28.36,77.41,6.06,19.14,,,,,,,,65.99,0.65,0.34,0.0,0.34,True,44,12
2025-10-21,22,Oleiros,17.5,99.0,3.3,0.3,W,0.0,39.67,28.37,77.41,6.06,19.14,,,,,,,,66.97,0.67,0.34,0.0,0.34,True,44,12
2025-10-21,23,Oleiros,17.4,100.0,3.1,0.2,W,0.0,47.73,29.19,77.41,6.06,19.14,,,,,,,,61.74,0.53,0.27,0.0,0.27,True,44,12
2025-10-22,0,Oleiros,17.3,100.0,3.6,0.7,W,0.0,51.69,28.73,79.04,6.61,23.5,,,,,,,,59.33,0.47,0.26,0.0,0.26,False,1,12
2025-10-22,2,Oleiros,17.1,100.0,2.2,0.0,SW,0.0,52.03,28.6,79.04,6.61,23.5,,,,,,,,59.12,0.43,0.24,0.0,0.24,False,1,12
2025-10-22,3,Oleiros,17.0,100.0,2.9,0.0,W,0.0,53.0,28.68,79.04,6.61,23.5,,,,,,,,58.55,0.43,0.23,0.0,0.23,False,1,12
2025-10-22,4,Oleiros,17.1,100.0,3.6,0.1,W,0.0,53.33,28.74,79.04,6.61,23.5,,,,,,,,58.35,0.44,0.24,0.0,0.24,False,1,12
2025-10-22,5,Oleiros,17.2,100.0,2.0,0.0,SW,1.4,53.95,28.58,79.04,6.61,23.5,,,,,,,,57.99,0.39,0.22,0.0,0.22,False,1,12
2025-10-22,6,Oleiros,17.3,100.0,2.8,0.0,W,0.0,53.89,28.66,79.04,6.61,23.5,,,,,,,,58.03,0.41,0.22,0.0,0.22,False,1,12
2025-10-22,7,Oleiros,17.4,100.0,2.4,0.0,SW,0.0,54.33,28.61,79.04,6.61,23.5,,,,,,,,57.77,0.4,0.22,0.0,0.22,False,1,12
2025-10-22,8,Oleiros,17.6,100.0,2.7,0.0,SW,65.7,54.32,28.63,79.04,6.61,23.5,,,,,,,,57.78,0.4,0.22,0.0,0.22,False,1,12
2025-10-22,9,Oleiros,18.4,98.0,2.7,0.0,W,472.3,53.07,27.0,79.04,6.61,23.5,,,,,,,,58.51,0.42,0.23,0.0,0.23,False,1,12
2025-10-22,10,Oleiros,19.3,92.0,4.3,0.0,W,714.6,52.8,23.41,79.04,6.61,23.5,,,,,,,,58.67,0.47,0.26,0.0,0.26,False,1,12
2025-10-22,11,Oleiros,19.7,87.0,4.9,0.0,W,694.8,55.56,23.11,79.04,6.61,23.5,,,,,,,,57.06,0.43,0.24,0.0,0.24,False,1,12
2025-10-22,12,Oleiros,20.3,83.0,3.8,0.0,W,963.6,53.87,22.3,79.04,6.61,23.5,79.04,23.39,1.25,7.76,0.66,0.01,0.66,58.04,0.43,0.24,0.0,0.24,False,1,12
2025-10-22,13,Oleiros,20.5,82.0,4.3,0.0,W,669.5,53.5,22.05,79.04,6.61,23.5,,,,,,,,58.25,0.45,0.25,0.0,0.25,False,1,12
2025-10-22,17,Oleiros,18.9,99.0,5.1,0.3,W,153.2,56.8,27.88,79.04,6.61,23.5,,,,,,,,56.35,0.41,0.22,0.0,0.22,False,1,12
2025-10-22,18,Oleiros,18.6,99.0,3.9,0.1,W,26.0,55.12,27.84,79.04,6.61,23.5,,,,,,,,57.31,0.41,0.23,0.0,0.23,False,1,12
2025-10-22,19,Oleiros,18.6,99.0,4.1,0.6,W,0.0,57.11,27.85,79.04,6.61,23.5,,,,,,,,56.17,0.38,0.21,0.0,0.21,False,1,12
2025-10-22,20,Oleiros,18.6,99.0,3.7,0.0,W,0.0,56.84,27.82,79.04,6.61,23.5,,,,,,,,56.33,0.38,0.21,0.0,0.21,False,1,12
2025-10-22,21,Oleiros,18.8,99.0,4.4,0.1,W,0.0,50.63,27.85,79.04,6.61,23.5,,,,,,,,59.96,0.51,0.28,0.0,0.28,False,1,12
2025-10-22,22,Oleiros,18.8,97.0,5.1,0.0,W,0.0,46.81,26.36,79.04,6.61,23.5,,,,,,,,62.32,0.6,0.33,0.0,0.33,False,1,12
2025-10-22,23,Oleiros,18.7,97.0,4.9,0.0,W,0.0,44.97,26.36,79.04,6.61,23.5,,,,,,,,63.48,0.63,0.35,0.0,0.35,False,1,12
2025-10-24,0,Oleiros,15.8,100.0,1.0,0.1,W,0.0,50.97,28.45,79.09,6.93,27.77,,,,,,,,59.76,0.42,0.24,0.0,0.24,False,2,12
2025-10-24,1,Oleiros,15.6,100.0,1.3,0.0,SW,0.0,51.89,28.51,79.09,6.93,27.77,,,,,,,,59.21,0.42,0.24,0.0,0.24,False,2,12
2025-10-24,2,Oleiros,15.6,100.0,1.2,0.1,W,0.0,52.66,28.5,79.09,6.93,27.77,,,,,,,,58.75,0.4,0.23,0.0,0.23,False,2,12
2025-10-24,3,Oleiros,15.8,100.0,0.6,0.1,SW,0.0,54.16,28.37,79.09,6.93,27.77,,,,,,,,57.87,0.36,0.21,0.0,0.21,False,2,12
2025-10-24,4,Oleiros,16.1,100.0,0.5,0.4,SW,0.0,55.28,28.33,79.09,6.93,27.77,,,,,,,,57.22,0.35,0.2,0.0,0.2,False,2,12
2025-10-24,5,Oleiros,16.4,100.0,1.3,0.9,SW,0.3,55.37,28.49,79.09,6.93,27.77,,,,,,,,57.17,0.36,0.2,0.0,0.2,False,2,12
2025-10-24,6,Oleiros,17.1,100.0,2.2,0.7,W,2.2,55.68,28.59,79.09,6.93,27.77,,,,,,,,56.99,0.37,0.21,0.0,0.21,False,2,12
2025-10-24,8,Oleiros,17.5,100.0,2.7,0.1,W,177.8,56.04,28.62,79.09,6.93,27.77,,,,,,,,56.78,0.37,0.21,0.0,0.21,False,2,12
2025-10-24,9,Oleiros,18.0,100.0,3.5,0.0,W,587.5,55.9,28.67,79.09,6.93,27.77,,,,,,,,56.86,0.39,0.22,0.0,0.22,False,2,12
2025-10-24,10,Oleiros,19.4,96.0,3.9,0.0,W,1349.8,56.6,25.58,79.09,6.93,27.77,,,,,,,,56.46,0.39,0.22,0.0,0.22,False,2,12
2025-10-24,11,Oleiros,19.9,87.0,2.5,0.0,W,967.3,52.6,23.09,79.09,6.93,27.77,,,,,,,,58.79,0.43,0.25,0.0,0.25,False,2,12
2025-10-24,12,Oleiros,19.8,90.0,3.7,0.0,SW,1179.6,54.57,23.28,79.09,6.93,27.77,79.09,23.33,1.25,8.53,0.69,0.01,0.69,57.63,0.42,0.24,0.0,0.24,False,2,12
2025-10-24,13,Oleiros,21.0,83.0,4.9,0.0,W,1451.5,56.15,22.14,79.09,6.93,27.77,,,,,,,,56.72,0.41,0.24,0.0,0.24,False,2,12
2025-10-24,14,Oleiros,21.1,80.0,3.8,0.0,W,1168.7,51.97,21.58,79.09,6.93,27.77,,,,,,,,59.16,0.47,0.28,0.0,0.28,False,2,12
2025-10-24,15,Oleiros,21.5,77.0,4.0,0.0,W,1245.3,47.0,20.93,79.09,6.93,27.77,,,,,,,,62.2,0.57,0.34,0.0,0.34,False,2,12
2025-10-24,16,Oleiros,21.5,76.0,3.5,0.0,W,732.2,44.52,20.78,79.09,6.93,27.77,,,,,,,,63.77,0.6,0.35,0.0,0.35,False,2,12
2025-10-24,17,Oleiros,20.9,77.0,2.7,0.0,W,340.8,42.84,21.14,79.09,6.93,27.77,,,,,,,,64.86,0.6,0.36,0.0,0.36,False,2,12
2025-10-24,18,Oleiros,20.0,80.0,3.5,0.0,SW,34.8,41.53,21.75,79.09,6.93,27.77,,,,,,,,65.72,0.65,0.38,0.0,0.38,False,2,12
2025-10-24,19,Oleiros,19.2,84.0,3.0,0.0,W,0.0,40.1,22.6,79.09,6.93,27.77,,,,,,,,66.68,0.65,0.38,0.0,0.38,False,2,12
2025-10-24,20,Oleiros,18.5,88.0,1.8,0.0,W,0.0,39.59,23.28,79.09,6.93,27.77,,,,,,,,67.02,0.62,0.36,0.0,0.36,False,2,12
2025-10-24,21,Oleiros,17.6,93.0,1.7,0.0,W,0.0,39.23,24.06,79.09,6.93,27.77,,,,,,,,67.27,0.62,0.36,0.0,0.36,False,2,12
2025-10-24,23,Oleiros,17.1,92.0,3.6,0.0,W,0.0,39.74,23.68,79.09,6.93,27.77,,,,,,,,66.92,0.68,0.39,0.01,0.39,False,2,12
2025-10-25,0,Oleiros,17.2,91.0,3.0,0.0,W,0.0,50.34,26.05,76.66,7.01,31.53,,,,,,,,60.14,0.48,0.28,0.0,0.28,False,1,12
2025-10-25,1,Oleiros,17.2,93.0,3.2,0.0,W,0.0,52.55,26.32,76.66,7.01,31.53,,,,,,,,58.81,0.44,0.26,0.0,0.26,False,1,12
2025-10-25,2,Oleiros,16.9,96.0,2.1,0.0,W,0.0,53.67,26.58,76.66,7.01,31.53,,,,,,,,58.16,0.4,0.24,0.0,0.24,False,1,12
2025-10-25,3,Oleiros,16.7,99.0,1.9,0.0,W,0.0,54.54,28.62,76.66,7.01,31.53,,,,,,,,57.65,0.38,0.22,0.0,0.22,False,1,12
2025-10-25,4,Oleiros,16.6,100.0,1.5,0.0,SW,3.2,55.12,29.39,76.66,7.01,31.53,,,,,,,,57.31,0.37,0.21,0.0,0.21,False,1,12
2025-10-25,5,Oleiros,16.5,100.0,2.3,0.0,SW,6.7,55.96,29.46,76.66,7.01,31.53,,,,,,,,56.83,0.37,0.21,0.0,0.21,False,1,12
2025-10-25,6,Oleiros,16.5,100.0,2.6,0.1,SW,6.0,56.64,29.47,76.66,7.01,31.53,,,,,,,,56.44,0.36,0.21,0.0,0.21,False,1,12
2025-10-25,7,Oleiros,16.3,100.0,1.3,0.0,SW,7.5,56.77,29.39,76.66,7.01,31.53,,,,,,,,56.37,0.34,0.2,0.0,0.2,False,1,12
2025-10-25,8,Oleiros,16.5,100.0,2.2,0.0,SW,124.9,56.86,29.45,76.66,7.01,31.53,,,,,,,,56.32,0.35,0.2,0.0,0.2,False,1,12
2025-10-25,9,Oleiros,16.8,100.0,2.5,0.0,SW,182.1,60.1,29.45,76.66,7.01,31.53,,,,,,,,54.51,0.3,0.18,0.0,0.18,False,1,12
2025-10-25,11,Oleiros,16.2,100.0,1.6,0.6,E,563.2,59.37,29.42,76.66,7.01,31.53,,,,,,,,54.91,0.3,0.17,0.0,0.17,False,1,12
2025-10-25,12,Oleiros,17.0,97.0,2.3,0.0,E,868.2,57.1,27.19,76.66,7.01,31.53,76.66,26.37,0.95,9.01,0.54,0.01,0.54,56.18,0.35,0.2,0.0,0.2,False,1,12
2025-10-25,14,Oleiros,18.4,84.0,2.5,0.0,NE,1203.3,46.37,24.53,76.66,7.01,31.53,,,,,,,,62.59,0.54,0.32,0.0,0.32,False,1,12
2025-10-25,15,Oleiros,18.5,78.0,2.4,0.0,NE,868.0,43.33,23.29,76.66,7.01,31.53,,,,,,,,64.54,0.58,0.35,0.0,0.35,False,1,12
2025-10-25,16,Oleiros,18.7,75.0,1.9,0.0,NE,670.3,41.53,22.78,76.66,7.01,31.53,,,,,,,,65.72,0.6,0.36,0.0,0.36,False,1,12
2025-10-25,17,Oleiros,18.4,77.0,1.7,0.1,NE,323.4,39.67,23.25,76.66,7.01,31.53,,,,,,,,66.97,0.62,0.37,0.0,0.37,False,1,12
2025-10-25,18,Oleiros,17.6,84.0,0.7,0.0,E,28.0,38.78,24.91,76.66,7.01,31.53,,,,,,,,67.57,0.6,0.36,0.0,0.36,False,1,12
2025-10-25,20,Oleiros,16.0,97.0,1.2,0.0,NE,0.0,37.0,27.28,76.66,7.01,31.53,,,,,,,,68.8,0.64,0.37,0.0,0.37,False,1,12
2025-10-25,21,Oleiros,15.8,98.0,0.8,0.0,NE,0.0,36.33,27.92,76.66,7.01,31.53,,,,,,,,69.27,0.64,0.37,0.0,0.37,False,1,12
2025-10-25,22,Oleiros,15.8,98.0,0.0,0.0,---,0.0,35.43,27.8,76.66,7.01,31.53,,,,,,,,69.91,0.62,0.36,0.0,0.36,False,1,12
2025-10-26,0,Oleiros,15.8,82.0,1.4,0.0,NE,0.0,34.51,19.75,82.01,8.26,35.75,,,,,,,,70.56,0.68,0.44,0.01,0.44,False,1,12
2025-10-26,1,Oleiros,15.8,80.0,0.9,0.0,NE,0.0,34.49,19.75,82.01,8.26,35.75,,,,,,,,70.58,0.67,0.43,0.01,0.43,False,1,12
2025-10-26,2,Oleiros,15.2,84.0,0.6,0.0,N,0.0,34.64,20.21,82.01,8.26,35.75,,,,,,,,70.47,0.65,0.42,0.01,0.42,False,1,12
2025-10-26,3,Oleiros,14.5,89.0,1.4,0.0,NW,0.0,34.92,21.72,82.01,8.26,35.75,,,,,,,,70.27,0.68,0.43,0.01,0.43,False,1,12
2025-10-26,4,Oleiros,14.1,91.0,1.1,0.0,N,0.0,35.13,22.43,82.01,8.26,35.75,,,,,,,,70.12,0.66,0.42,0.01,0.42,False,1,12
2025-10-26,5,Oleiros,14.0,88.0,0.0,0.0,---,0.0,35.33,21.27,82.01,8.26,35.75,,,,,,,,69.98,0.63,0.4,0.01,0.4,False,1,12
2025-10-26,6,Oleiros,13.9,84.0,0.2,0.0,NE,0.0,35.53,20.33,82.01,8.26,35.75,,,,,,,,69.84,0.63,0.4,0.01,0.4,False,1,12
2025-10-26,7,Oleiros,12.8,90.0,0.1,0.0,NE,1.7,35.9,22.01,82.01,8.26,35.75,,,,,,,,69.57,0.62,0.39,0.01,0.39,False,1,12
2025-10-29,0,Oleiros,13.7,100.0,0.7,3.6,E,19.9,56.05,27.9,80.35,8.54,39.6,,,,,,,,56.78,0.34,0.18,0.0,0.18,False,3,12
2025-10-29,1,Oleiros,13.6,100.0,1.5,0.4,E,13.0,55.46,28.08,80.35,8.54,39.6,,,,,,,,57.12,0.36,0.23,0.0,0.23,False,3,12
2025-10-29,2,Oleiros,13.4,100.0,1.2,0.0,NE,6.8,55.69,28.02,80.35,8.54,39.6,,,,,,,,56.98,0.35,0.23,0.0,0.23,False,3,12
2025-10-29,3,Oleiros,13.6,100.0,1.2,0.2,NE,7.7,56.39,28.02,80.35,8.54,39.6,,,,,,,,56.58,0.34,0.22,0.0,0.22,False,3,12
2025-10-29,4,Oleiros,13.5,100.0,1.5,0.1,NE,13.6,56.55,28.08,80.35,8.54,39.6,,,,,,,,56.49,0.34,0.22,0.0,0.22,False,3,12
2025-10-29,6,Oleiros,13.3,100.0,1.8,0.0,NE,10.8,57.21,28.14,80.35,8.54,39.6,,,,,,,,56.12,0.34,0.22,0.0,0.22,False,3,12
2025-10-29,7,Oleiros,13.2,100.0,1.8,0.0,NE,7.3,57.06,28.14,80.35,8.54,39.6,,,,,,,,56.2,0.34,0.22,0.0,0.22,False,3,12
2025-10-29,8,Oleiros,13.4,100.0,1.5,0.0,NE,111.9,56.58,28.08,80.35,8.54,39.6,,,,,,,,56.48,0.34,0.22,0.0,0.22,False,3,12
2025-10-29,9,Oleiros,14.0,100.0,2.3,0.0,E,364.1,54.27,28.22,80.35,8.54,39.6,,,,,,,,57.8,0.4,0.26,0.0,0.26,False,3,12
2025-10-29,10,Oleiros,14.6,100.0,1.9,0.0,NE,914.5,50.32,28.16,80.35,8.54,39.6,,,,,,,,60.15,0.45,0.29,0.0,0.29,False,3,12
2025-10-29,11,Oleiros,15.4,100.0,0.5,0.0,E,1017.5,44.63,27.84,80.35,8.54,39.6,,,,,,,,63.7,0.51,0.33,0.0,0.33,False,3,12
2025-10-29,12,Oleiros,17.5,90.0,1.1,0.0,SE,2048.0,36.73,22.37,80.35,8.54,39.6,80.35,21.79,1.25,11.1,0.8,0.02,0.8,68.99,0.64,0.42,0.01,0.42,False,3,12
2025-10-29,13,Oleiros,19.2,76.0,0.6,0.0,S,2037.0,34.7,20.64,80.35,8.54,39.6,,,,,,,,70.43,0.65,0.44,0.01,0.44,False,3,12
2025-10-29,14,Oleiros,18.9,79.0,2.3,0.0,NW,599.1,32.57,20.96,80.35,8.54,39.6,,,,,,,,71.96,0.75,0.5,0.01,0.5,False,3,12
2025-10-29,15,Oleiros,18.7,77.0,1.6,0.0,NW,698.2,26.64,20.73,80.35,8.54,39.6,,,,,,,,76.45,0.91,0.61,0.01,0.61,False,3,12
2025-10-29,16,Oleiros,19.1,74.0,1.5,0.0,NW,799.3,25.18,20.26,80.35,8.54,39.6,,,,,,,,77.6,0.98,0.66,0.01,0.66,False,3,12
2025-10-29,18,Oleiros,17.6,82.0,1.7,0.0,W,63.0,25.07,21.54,80.35,8.54,39.6,,,,,,,,77.69,1.0,0.66,0.01,0.66,False,3,12
2025-10-29,19,Oleiros,16.1,86.0,1.9,0.0,NW,0.0,25.55,21.74,80.35,8.54,39.6,,,,,,,,77.31,0.98,0.65,0.01,0.65,False,3,12
2025-10-29,20,Oleiros,15.0,92.0,1.0,0.0,SW,0.0,26.33,23.4,80.35,8.54,39.6,,,,,,,,76.69,0.9,0.59,0.01,0.59,False,3,12
2025-10-29,21,Oleiros,14.5,98.0,1.9,0.0,NW,0.0,26.99,26.69,80.35,8.54,39.6,,,,,,,,76.18,0.9,0.59,0.01,0.59,False,3,12
2025-10-29,22,Oleiros,14.4,98.0,2.4,0.0,NW,0.0,27.6,26.75,80.35,8.54,39.6,,,,,,,,75.7,0.9,0.59,0.01,0.59,False,3,12
2025-10-30,0,Oleiros,13.4,96.0,1.5,0.0,N,0.0,28.82,25.45,80.39,8.93,43.17,,,,,,,,74.77,0.82,0.55,0.01,0.55,False,1,12
2025-10-30,1,Oleiros,12.5,99.0,1.4,0.0,NW,0.0,29.32,27.31,80.39,8.93,43.17,,,,,,,,74.39,0.8,0.53,0.01,0.53,False,1,12
2025-10-30,2,Oleiros,11.9,99.0,0.1,0.0,NE,0.0,29.87,26.91,80.39,8.93,43.17,,,,,,,,73.97,0.73,0.49,0.01,0.49,False,1,12
2025-10-30,3,Oleiros,11.5,100.0,0.2,0.0,---,0.0,30.33,27.64,80.39,8.93,43.17,,,,,,,,73.62,0.72,0.48,0.01,0.48,False,1,12
2025-10-30,4,Oleiros,11.5,100.0,1.3,0.0,W,0.0,30.66,28.0,80.39,8.93,43.17,,,,,,,,73.38,0.76,0.5,0.01,0.5,False,1,12
2025-10-30,5,Oleiros,11.2,100.0,1.2,0.0,W,0.0,30.64,27.97,80.39,8.93,43.17,,,,,,,,73.39,0.75,0.5,0.01,0.5,False,1,12
2025-10-30,6,Oleiros,11.0,100.0,1.4,0.0,W,0.0,30.63,28.01,80.39,8.93,43.17,,,,,,,,73.4,0.76,0.51,0.01,0.51,False,1,12
2025-10-30,7,Oleiros,12.0,99.0,0.0,0.0,---,1.2,30.81,26.75,80.39,8.93,43.17,,,,,,,,73.26,0.7,0.47,0.01,0.47,False,1,12
2025-10-30,8,Oleiros,12.2,98.0,0.0,0.1,---,92.4,30.8,26.16,80.39,8.93,43.17,,,,,,,,73.27,0.7,0.47,0.01,0.47,False,1,12
2025-10-30,9,Oleiros,12.7,97.0,0.2,0.0,SW,202.0,30.48,25.77,80.39,8.93,43.17,,,,,,,,73.51,0.72,0.48,0.01,0.48,False,1,12
2025-10-30,10,Oleiros,13.5,97.0,1.1,0.0,S,550.9,29.4,25.96,80.39,8.93,43.17,,,,,,,,74.32,0.78,0.52,0.01,0.52,False,1,12
2025-10-30,11,Oleiros,15.0,91.0,2.1,0.0,SW,1254.4,26.76,23.03,80.39,8.93,43.17,,,,,,,,76.36,0.92,0.63,0.01,0.63,False,1,12
2025-10-30,12,Oleiros,15.9,85.0,3.7,0.0,SW,1280.4,23.1,21.68,80.39,8.93,43.17,80.39,21.74,1.43,11.77,0.94,0.02,0.94,79.28,1.27,0.87,0.02,0.87,False,1,12
2025-10-30,20,Oleiros,15.1,87.0,1.4,0.0,SW,0.0,20.79,21.68,80.39,8.93,43.17,,,,,,,,81.18,1.39,0.94,0.02,0.94,False,1,12
2025-10-30,21,Oleiros,14.7,90.0,1.3,0.0,SW,0.0,21.12,22.67,80.39,8.93,43.17,,,,,,,,80.91,1.34,0.91,0.02,0.91,False,1,12
2025-10-30,22,Oleiros,14.6,89.0,1.6,0.0,SW,0.0,21.22,22.34,80.39,8.93,43.17,,,,,,,,80.82,1.35,0.91,0.02,0.91,False,1,12
2025-10-31,0,Oleiros,14.9,88.0,1.4,0.0,S,0.0,21.14,27.2,75.1,8.93,46.71,,,,,,,,80.89,1.34,0.92,0.02,0.92,False,1,12
2025-10-31,1,Oleiros,14.6,90.0,0.7,0.0,SW,0.8,25.1,27.67,75.1,8.93,46.71,,,,,,,,77.66,0.95,0.65,0.01,0.65,False,1,12
2025-10-31,2,Oleiros,14.2,96.0,2.5,0.5,SW,6.6,30.9,28.32,75.1,8.93,46.71,,,,,,,,73.2,0.8,0.54,0.01,0.54,False,1,12
2025-10-31,3,Oleiros,14.3,99.0,3.2,0.8,SW,7.5,32.9,29.47,75.1,8.93,46.71,,,,,,,,71.72,0.78,0.53,0.01,0.53,False,1,12
2025-10-31,4,Oleiros,14.5,100.0,4.3,0.6,SW,6.8,47.32,30.26,75.1,8.93,46.71,,,,,,,,62.0,0.57,0.39,0.01,0.39,False,1,12
2025-10-31,5,Oleiros,14.4,100.0,3.9,0.1,SW,6.0,49.77,30.26,75.1,8.93,46.71,,,,,,,,60.48,0.51,0.35,0.0,0.35,False,1,12
2025-10-31,6,Oleiros,14.6,100.0,3.3,0.0,SW,6.0,50.29,30.22,75.1,8.93,46.71,,,,,,,,60.17,0.49,0.33,0.0,0.33,False,1,12
2025-10-31,7,Oleiros,14.7,100.0,3.7,0.0,SW,4.2,52.25,30.23,75.1,8.93,46.71,,,,,,,,58.99,0.46,0.31,0.0,0.31,False,1,12
2025-10-31,8,Oleiros,14.9,100.0,3.8,0.2,SW,27.9,53.57,30.21,75.1,8.93,46.71,,,,,,,,58.21,0.44,0.3,0.0,0.3,False,1,12
2025-10-31,9,Oleiros,15.2,100.0,3.7,0.0,SW,172.1,55.11,30.18,75.1,8.93,46.71,,,,,,,,57.32,0.41,0.28,0.0,0.28,False,1,12
2025-10-31,10,Oleiros,15.4,100.0,3.9,0.4,S,241.9,55.4,30.17,75.1,8.93,46.71,,,,,,,,57.15,0.41,0.28,0.0,0.28,False,1,12
2025-10-31,12,Oleiros,15.8,100.0,3.9,0.4,S,288.0,56.19,30.13,75.1,8.93,46.71,75.1,28.38,0.94,12.08,0.63,0.01,0.63,56.7,0.39,0.27,0.0,0.27,False,1,12
2025-10-31,13,Oleiros,16.3,96.0,4.3,0.0,SW,212.2,56.76,28.32,75.1,8.93,46.71,,,,,,,,56.37,0.39,0.27,0.0,0.27,False,1,12
2025-10-31,14,Oleiros,16.6,92.0,4.9,0.5,SW,224.6,54.9,27.7,75.1,8.93,46.71,,,,,,,,57.44,0.44,0.3,0.0,0.3,False,1,12
2025-10-31,15,Oleiros,15.9,100.0,2.0,4.3,SW,174.5,56.92,30.05,75.1,8.93,46.71,,,,,,,,56.28,0.35,0.19,0.0,0.19,False,1,12
2025-10-31,16,Oleiros,15.7,100.0,1.4,8.2,S,61.3,58.46,30.05,75.1,8.93,46.71,,,,,,,,55.41,0.31,0.15,0.0,0.15,False,1,12
2025-10-31,17,Oleiros,15.8,100.0,5.3,3.8,SW,34.9,58.92,30.16,75.1,8.93,46.71,,,,,,,,55.16,0.37,0.21,0.0,0.21,False,1,12
2025-10-31,18,Oleiros,15.9,100.0,3.6,2.3,SW,9.7,58.17,30.11,75.1,8.93,46.71,,,,,,,,55.58,0.35,0.21,0.0,0.21,False,1,12
2025-10-31,19,Oleiros,15.9,100.0,0.7,0.0,SW,1.7,58.62,29.98,75.1,8.93,46.71,,,,,,,,55.33,0.3,0.2,0.0,0.2,False,1,12
2025-10-31,20,Oleiros,15.9,100.0,3.2,4.7,SW,5.7,59.56,30.1,75.1,8.93,46.71,,,,,,,,54.8,0.32,0.17,0.0,0.17,False,1,12
2025-10-31,21,Oleiros,16.2,100.0,4.9,4.6,SW,0.6,59.35,30.11,75.1,8.93,46.71,,,,,,,,54.92,0.35,0.19,0.0,0.19,False,1,12
2025-10-31,22,Oleiros,16.4,100.0,6.4,0.6,SW,0.0,61.66,30.12,75.1,8.93,46.71,,,,,,,,53.65,0.34,0.23,0.0,0.23,False,1,12
2025-10-31,23,Oleiros,16.4,100.0,6.0,0.6,SW,0.0,60.97,30.11,75.1,8.93,46.71,,,,,,,,54.03,0.34,0.23,0.0,0.23,False,1,12
2025-11-01,0,Oleiros,16.5,100.0,6.8,2.5,SW,0.0,61.66,30.48,73.87,8.93,49.17,,,,,,,,53.65,0.35,0.21,0.0,0.21,False,1,12
2025-11-01,1,Oleiros,16.5,100.0,6.8,0.8,SW,0.3,61.13,30.48,73.87,8.93,49.17,,,,,,,,53.94,0.36,0.24,0.0,0.24,False,1,12
2025-11-01,3,Oleiros,16.4,100.0,2.1,2.2,NW,2.5,63.21,30.46,73.87,8.93,49.17,,,,,,,,52.82,0.25,0.16,0.0,0.16,False,1,12
2025-11-01,4,Oleiros,15.4,100.0,2.4,2.1,W,6.0,62.84,30.58,73.87,8.93,49.17,,,,,,,,53.02,0.26,0.16,0.0,0.16,False,1,12
2025-11-01,5,Oleiros,15.5,100.0,2.3,1.9,W,5.6,64.16,30.57,73.87,8.93,49.17,,,,,,,,52.32,0.24,0.15,0.0,0.15,False,1,12
2025-11-01,6,Oleiros,15.4,100.0,3.9,17.7,NW,3.2,64.91,30.6,73.87,8.93,49.17,,,,,,,,51.92,0.25,0.11,0.0,0.11,False,1,12
2025-11-01,7,Oleiros,14.1,100.0,0.6,2.7,S,6.0,64.7,30.68,73.87,8.93,49.17,,,,,,,,52.03,0.21,0.13,0.0,0.13,False,1,12
2025-11-01,8,Oleiros,14.1,100.0,0.0,3.5,---,36.3,65.47,30.64,73.87,8.93,49.17,,,,,,,,51.63,0.2,0.11,0.0,0.11,False,1,12
2025-11-01,9,Oleiros,14.2,100.0,0.6,4.1,S,123.2,65.59,30.67,73.87,8.93,49.17,,,,,,,,51.56,0.2,0.11,0.0,0.11,False,1,12
2025-11-01,10,Oleiros,14.3,100.0,1.3,3.6,S,240.3,65.59,30.69,73.87,8.93,49.17,,,,,,,,51.56,0.21,0.12,0.0,0.12,False,1,12
2025-11-01,11,Oleiros,14.5,100.0,0.0,1.6,---,504.3,66.15,30.6,73.87,8.93,49.17,,,,,,,,51.27,0.19,0.13,0.0,0.13,False,1,12
2025-11-01,12,Oleiros,15.3,100.0,0.3,0.2,E,897.6,65.16,30.55,73.87,8.93,49.17,73.87,30.0,0.73,12.28,0.5,0.01,0.5,51.79,0.21,0.14,0.0,0.14,False,1,12
2025-11-01,13,Oleiros,16.2,100.0,1.0,0.0,SW,973.7,63.31,30.47,73.87,8.93,49.17,,,,,,,,52.77,0.24,0.16,0.0,0.16,False,1,12
2025-11-01,14,Oleiros,17.2,93.0,1.7,0.0,SW,1009.2,56.06,29.27,73.87,8.93,49.17,,,,,,,,56.77,0.35,0.24,0.0,0.24,False,1,12
2025-11-01,15,Oleiros,17.5,85.0,1.6,0.0,NW,600.8,53.09,27.33,73.87,8.93,49.17,,,,,,,,58.5,0.4,0.28,0.0,0.28,False,1,12
2025-11-01,16,Oleiros,17.6,85.0,1.9,0.0,NW,689.6,50.35,27.24,73.87,8.93,49.17,,,,,,,,60.13,0.45,0.32,0.0,0.32,False,1,12
2025-11-01,17,Oleiros,17.0,87.0,1.0,0.0,W,162.0,48.83,28.03,73.87,8.93,49.17,,,,,,,,61.06,0.46,0.32,0.0,0.32,False,1,12
2025-11-01,18,Oleiros,16.2,93.0,1.2,0.0,W,6.7,48.09,29.37,73.87,8.93,49.17,,,,,,,,61.52,0.48,0.33,0.0,0.33,False,1,12
2025-11-01,19,Oleiros,15.8,93.0,2.0,0.0,NW,0.0,47.59,29.33,73.87,8.93,49.17,,,,,,,,61.83,0.5,0.35,0.0,0.35,False,1,12
2025-11-01,20,Oleiros,15.4,92.0,1.6,0.0,W,0.0,46.89,29.18,73.87,8.93,49.17,,,,,,,,62.27,0.5,0.35,0.0,0.35,False,1,12
2025-11-01,21,Oleiros,15.0,91.0,0.6,0.0,NW,0.0,46.02,29.14,73.87,8.93,49.17,,,,,,,,62.81,0.49,0.34,0.0,0.34,False,1,12
2025-11-01,22,Oleiros,14.8,88.0,2.0,0.0,NW,0.0,45.14,28.29,73.87,8.93,49.17,,,,,,,,63.37,0.54,0.37,0.0,0.37,False,1,12
2025-11-01,23,Oleiros,14.2,91.0,0.9,0.0,NW,0.0,44.78,29.14,73.87,8.93,49.17,,,,,,,,63.6,0.52,0.36,0.0,0.36,False,1,12
2025-11-02,0,Oleiros,13.9,86.0,1.0,0.0,N,0.0,44.73,22.36,79.84,9.9,52.04,,,,,,,,63.64,0.52,0.38,0.0,0.38,False,1,12
2025-11-02,1,Oleiros,13.2,81.0,1.1,0.0,NW,0.0,45.04,22.13,79.84,9.9,52.04,,,,,,,,63.44,0.52,0.38,0.0,0.38,False,1,12
2025-11-02,2,Oleiros,12.4,79.0,2.0,0.0,NW,0.0,45.46,21.93,79.84,9.9,52.04,,,,,,,,63.17,0.54,0.39,0.01,0.39,False,1,12
2025-11-02,3,Oleiros,11.2,81.0,2.2,0.0,NW,0.0,45.91,22.25,79.84,9.9,52.04,,,,,,,,62.88,0.54,0.39,0.01,0.39,False,1,12
2025-11-02,4,Oleiros,10.7,76.0,0.9,0.0,W,0.0,46.39,21.78,79.84,9.9,52.04,,,,,,,,62.58,0.5,0.36,0.0,0.36,False,1,12
2025-11-02,5,Oleiros,10.2,80.0,0.5,0.0,W,0.0,46.97,22.23,79.84,9.9,52.04,,,,,,,,62.21,0.48,0.34,0.0,0.34,False,1,12
2025-11-02,6,Oleiros,10.2,82.0,0.4,0.0,SW,0.0,47.58,22.36,79.84,9.9,52.04,,,,,,,,61.83,0.46,0.34,0.0,0.34,False,1,12
2025-11-02,7,Oleiros,10.5,79.0,0.0,0.0,---,0.2,48.23,22.16,79.84,9.9,52.04,,,,,,,,61.43,0.45,0.32,0.0,0.32,False,1,12
2025-11-02,8,Oleiros,10.6,81.0,0.0,0.0,---,179.7,48.76,22.31,79.84,9.9,52.04,,,,,,,,61.1,0.44,0.32,0.0,0.32,False,1,12
2025-11-02,9,Oleiros,12.7,75.0,0.5,0.0,SW,799.3,48.52,21.54,79.84,9.9,52.04,,,,,,,,61.25,0.45,0.33,0.0,0.33,False,1,12
2025-11-02,20,Oleiros,13.3,72.0,1.0,0.0,SE,0.0,23.34,21.07,79.84,9.9,52.04,,,,,,,,79.08,1.09,0.8,0.02,0.8,False,1,12
2025-11-02,21,Oleiros,13.1,74.0,1.0,0.0,NE,0.0,24.15,21.33,79.84,9.9,52.04,,,,,,,,78.42,1.03,0.75,0.02,0.75,False,1,12
2025-11-02,22,Oleiros,11.9,79.0,1.0,0.0,W,0.0,24.82,22.0,79.84,9.9,52.04,,,,,,,,77.89,0.98,0.71,0.01,0.71,False,1,12
2025-11-02,23,Oleiros,12.1,79.0,1.6,0.0,W,0.0,25.43,21.97,79.84,9.9,52.04,,,,,,,,77.4,0.97,0.71,0.01,0.71,False,1,12
2025-11-05,7,Oleiros,15.1,91.0,3.0,7.8,S,5.5,43.17,27.1,75.68,9.92,54.5,,,,,,,,64.64,0.6,0.33,0.0,0.33,False,3,12
2025-11-05,8,Oleiros,14.6,99.0,3.1,1.0,SE,19.7,46.26,29.22,75.68,9.92,54.5,,,,,,,,62.66,0.56,0.4,0.01,0.4,False,3,12
2025-11-05,9,Oleiros,14.7,100.0,2.0,8.9,NE,22.0,50.17,29.94,75.68,9.92,54.5,,,,,,,,60.24,0.46,0.24,0.0,0.24,False,3,12
2025-11-05,10,Oleiros,14.5,100.0,3.9,18.7,SW,28.0,51.58,30.04,75.68,9.92,54.5,,,,,,,,59.39,0.48,0.23,0.0,0.23,False,3,12
2025-11-05,11,Oleiros,15.0,100.0,4.6,1.6,W,121.2,52.71,30.03,75.68,9.92,54.5,,,,,,,,58.72,0.47,0.33,0.0,0.33,False,3,12
2025-11-05,12,Oleiros,15.3,99.0,2.5,0.0,W,560.8,53.04,29.13,75.68,9.92,54.5,75.68,27.63,0.9,13.63,0.65,0.01,0.65,58.53,0.42,0.3,0.0,0.3,False,3,12
2025-11-05,13,Oleiros,14.6,97.0,4.7,3.0,W,554.2,54.52,27.84,75.68,9.92,54.5,,,,,,,,57.66,0.44,0.27,0.0,0.27,False,3,12
2025-11-05,14,Oleiros,15.2,93.0,5.7,1.2,W,1327.4,55.41,27.43,75.68,9.92,54.5,,,,,,,,57.14,0.45,0.32,0.0,0.32,False,3,12
2025-11-05,15,Oleiros,15.0,84.0,6.0,0.0,W,1302.3,48.4,25.39,75.68,9.92,54.5,,,,,,,,61.33,0.6,0.44,0.01,0.44,False,3,12
2025-11-05,18,Oleiros,12.5,76.0,4.7,0.0,W,9.9,58.83,24.26,75.68,9.92,54.5,,,,,,,,55.21,0.36,0.27,0.0,0.27,False,3,12
2025-11-05,19,Oleiros,11.1,84.0,2.2,0.0,W,0.0,59.68,26.18,75.68,9.92,54.5,,,,,,,,54.74,0.3,0.22,0.0,0.22,False,3,12
2025-11-05,20,Oleiros,10.4,96.0,5.0,3.6,W,9.7,60.33,27.76,75.68,9.92,54.5,,,,,,,,54.38,0.34,0.2,0.0,0.2,False,3,12
2025-11-05,21,Oleiros,10.2,99.0,3.1,0.5,W,8.7,60.54,29.6,75.68,9.92,54.5,,,,,,,,54.26,0.3,0.22,0.0,0.22,False,3,12
2025-11-05,22,Oleiros,10.0,100.0,2.3,2.4,W,6.9,60.99,30.28,75.68,9.92,54.5,,,,,,,,54.02,0.29,0.18,0.0,0.18,False,3,12
2025-11-05,23,Oleiros,10.1,100.0,2.5,0.4,SW,9.8,61.37,30.29,75.68,9.92,54.5,,,,,,,,53.81,0.28,0.2,0.0,0.2,False,3,12
2025-11-06,0,Oleiros,9.9,100.0,3.2,0.0,W,11.2,61.66,29.71,77.1,10.23,56.64,,,,,,,,53.65,0.29,0.21,0.0,0.21,False,1,12
2025-11-06,1,Oleiros,9.7,100.0,1.9,0.0,W,7.1,61.85,29.6,77.1,10.23,56.64,,,,,,,,53.55,0.27,0.2,0.0,0.2,False,1,12
2025-11-06,2,Oleiros,8.9,100.0,1.4,0.1,SW,6.0,62.52,29.56,77.1,10.23,56.64,,,,,,,,53.19,0.25,0.18,0.0,0.18,False,1,12
2025-11-06,3,Oleiros,8.7,100.0,2.9,0.0,W,6.0,62.64,29.72,77.1,10.23,56.64,,,,,,,,53.13,0.27,0.2,0.0,0.2,False,1,12
2025-11-06,4,Oleiros,9.0,100.0,2.5,0.2,W,9.3,63.17,29.68,77.1,10.23,56.64,,,,,,,,52.84,0.26,0.19,0.0,0.19,False,1,12
2025-11-06,5,Oleiros,8.8,100.0,0.9,0.0,W,6.1,64.6,29.49,77.1,10.23,56.64,,,,,,,,52.08,0.22,0.16,0.0,0.16,False,1,12
2025-11-06,6,Oleiros,8.6,100.0,1.5,0.0,SW,6.0,63.97,29.58,77.1,10.23,56.64,,,,,,,,52.42,0.23,0.17,0.0,0.17,False,1,12
2025-11-06,7,Oleiros,8.6,100.0,0.9,0.1,W,7.2,64.63,29.49,77.1,10.23,56.64,,,,,,,,52.07,0.22,0.16,0.0,0.16,False,1,12
2025-11-06,8,Oleiros,9.1,100.0,2.5,0.2,SW,118.7,64.46,29.68,77.1,10.23,56.64,,,,,,,,52.16,0.24,0.18,0.0,0.18,False,1,12
2025-11-06,9,Oleiros,9.6,100.0,1.5,0.1,W,355.1,64.72,29.55,77.1,10.23,56.64,,,,,,,,52.02,0.22,0.16,0.0,0.16,False,1,12
2025-11-06,10,Oleiros,11.0,100.0,2.0,0.0,W,1007.7,64.95,29.56,77.1,10.23,56.64,,,,,,,,51.9,0.23,0.17,0.0,0.17,False,1,12
2025-11-06,11,Oleiros,12.3,95.0,3.5,0.0,W,1464.1,60.97,26.41,77.1,10.23,56.64,,,,,,,,54.03,0.3,0.22,0.0,0.22,False,1,12
2025-11-06,12,Oleiros,13.5,84.0,3.3,0.0,NW,1442.2,55.56,24.65,77.1,10.23,56.64,77.1,25.81,1.04,14.09,0.76,0.02,0.76,57.06,0.39,0.29,0.0,0.29,False,1,12
2025-11-06,13,Oleiros,14.2,75.0,3.1,0.0,NW,1073.0,48.1,23.02,77.1,10.23,56.64,,,,,,,,61.51,0.52,0.39,0.01,0.39,False,1,12
2025-11-06,14,Oleiros,14.0,78.0,3.4,0.0,NW,1233.0,44.19,23.53,77.1,10.23,56.64,,,,,,,,63.98,0.6,0.45,0.01,0.45,False,1,12
2025-11-06,15,Oleiros,14.0,78.0,2.9,0.2,NW,684.4,42.23,23.58,77.1,10.23,56.64,,,,,,,,65.26,0.62,0.46,0.01,0.46,False,1,12
2025-11-06,16,Oleiros,13.8,82.0,3.3,0.0,NW,708.9,39.07,24.26,77.1,10.23,56.64,,,,,,,,67.38,0.68,0.51,0.01,0.51,False,1,12
2025-11-06,18,Oleiros,13.0,83.0,1.2,0.0,W,17.5,35.55,24.71,77.1,10.23,56.64,,,,,,,,69.82,0.66,0.49,0.01,0.49,False,1,12
2025-11-06,19,Oleiros,11.8,89.0,0.8,0.0,NW,0.0,35.71,25.63,77.1,10.23,56.64,,,,,,,,69.71,0.65,0.48,0.01,0.48,False,1,12
2025-11-06,20,Oleiros,11.5,91.0,0.3,0.0,W,0.0,35.76,25.75,77.1,10.23,56.64,,,,,,,,69.67,0.63,0.47,0.01,0.47,False,1,12
2025-11-06,21,Oleiros,11.1,93.0,0.5,0.0,SW,0.0,35.86,25.75,77.1,10.23,56.64,,,,,,,,69.6,0.63,0.47,0.01,0.47,False,1,12
2025-11-06,22,Oleiros,10.6,93.0,0.0,0.0,---,0.0,36.03,25.75,77.1,10.23,56.64,,,,,,,,69.48,0.62,0.45,0.01,0.45,False,1,12
2025-11-06,23,Oleiros,10.5,95.0,1.6,0.0,W,0.0,36.21,26.56,77.1,10.23,56.64,,,,,,,,69.36,0.66,0.49,0.01,0.49,False,1,12
